mode,epoch,accuracy,f1
training,1,0.1724137931034483,0.0775462962962963
