mode,epoch,accuracy,f1
training,1,0.11206896551724138,0.049326214085939485
